Si100,Ti,Ka1
Si100,Ti,Ka2
Si100,Ti,Kb1
Si100,V,Ka1
Si100,V,Ka2
Si100,V,Kb1
Si100,Cr,Ka1
Si100,Cr,Ka2
Si100,Cr,Kb1
Si100,Mn,Ka1
Si100,Mn,Ka2
Si100,Mn,Kb1
Si100,Fe,Ka1
Si100,Fe,Ka2
Si100,Fe,Kb1
Si100,Co,Ka1
Si100,Co,Ka2
Si100,Co,Kb1
Si100,Ni,Ka1
Si100,Ni,Ka2
Si100,Ni,Kb1
Si100,Cu,Ka1
Si100,Cu,Ka2
Si100,Cu,Kb1
Si100,Zn,Ka1
Si100,Zn,Ka2
Si100,Zn,Kb1
Si100,Se,Ka1
Si100,Se,Ka2
Si100,Se,Kb1
Si100,Se,La1
Si100,Se,La2
Si100,Se,Lb1
Si100,Zr,Ka1
Si100,Zr,Ka2
Si100,Zr,Kb1
Si100,Zr,La1
Si100,Zr,La2
Si100,Zr,Lb1
Si100,Zr,Lb2
Si100,Zr,Lg1
Si100,Nb,Ka1
Si100,Nb,Ka2
Si100,Nb,Kb1
Si100,Nb,La1
Si100,Nb,La2
Si100,Nb,Lb1
Si100,Nb,Lb2
Si100,Nb,Lg1
Si100,Mo,Ka1
Si100,Mo,Ka2
Si100,Mo,Kb1
Si100,Mo,La1
Si100,Mo,La2
Si100,Mo,Lb1
Si100,Mo,Lb2
Si100,Mo,Lg1
Si100,Ru,Ka1
Si100,Ru,Ka2
Si100,Ru,Kb1
Si100,Ru,La1
Si100,Ru,La2
Si100,Ru,Lb1
Si100,Ru,Lb2
Si100,Ru,Lg1
Si100,Pd,Ka1
Si100,Pd,Ka2
Si100,Pd,Kb1
Si100,Pd,La1
Si100,Pd,La2
Si100,Pd,Lb1
Si100,Pd,Lb2
Si100,Pd,Lg1
Si100,Ag,Ka1
Si100,Ag,Ka2
Si100,Ag,Kb1
Si100,Ag,La1
Si100,Ag,La2
Si100,Ag,Lb1
Si100,Ag,Lb2
Si100,Ag,Lg1
Si100,Sn,Ka1
Si100,Sn,Ka2
Si100,Sn,Kb1
Si100,Sn,La1
Si100,Sn,La2
Si100,Sn,Lb1
Si100,Sn,Lb2
Si100,Sn,Lg1
Si100,Sb,Ka1
Si100,Sb,Ka2
Si100,Sb,Kb1
Si100,Sb,La1
Si100,Sb,La2
Si100,Sb,Lb1
Si100,Sb,Lb2
Si100,Sb,Lg1
Si100,Ta,Ka1
Si100,Ta,Ka2
Si100,Ta,Kb1
Si100,Ta,La1
Si100,Ta,La2
Si100,Ta,Lb1
Si100,Ta,Lb2
Si100,Ta,Lg1
Si100,Pt,Ka1
Si100,Pt,Ka2
Si100,Pt,Kb1
Si100,Pt,La1
Si100,Pt,La2
Si100,Pt,Lb1
Si100,Pt,Lb2
Si100,Pt,Lg1
Si100,Au,Ka1
Si100,Au,Ka2
Si100,Au,Kb1
Si100,Au,La1
Si100,Au,La2
Si100,Au,Lb1
Si100,Au,Lb2
Si100,Au,Lg1
Si100,Pb,Ka1
Si100,Pb,Ka2
Si100,Pb,Kb1
Si100,Pb,La1
Si100,Pb,La2
Si100,Pb,Lb1
Si100,Pb,Lb2
Si100,Pb,Lg1
Si110,Ti,Ka1
Si110,Ti,Ka2
Si110,Ti,Kb1
Si110,V,Ka1
Si110,V,Ka2
Si110,V,Kb1
Si110,Cr,Ka1
Si110,Cr,Ka2
Si110,Cr,Kb1
Si110,Mn,Ka1
Si110,Mn,Ka2
Si110,Mn,Kb1
Si110,Fe,Ka1
Si110,Fe,Ka2
Si110,Fe,Kb1
Si110,Co,Ka1
Si110,Co,Ka2
Si110,Co,Kb1
Si110,Ni,Ka1
Si110,Ni,Ka2
Si110,Ni,Kb1
Si110,Cu,Ka1
Si110,Cu,Ka2
Si110,Cu,Kb1
Si110,Zn,Ka1
Si110,Zn,Ka2
Si110,Zn,Kb1
Si110,Se,Ka1
Si110,Se,Ka2
Si110,Se,Kb1
Si110,Zr,Ka1
Si110,Zr,Ka2
Si110,Zr,Kb1
Si110,Zr,La1
Si110,Zr,La2
Si110,Zr,Lb1
Si110,Zr,Lb2
Si110,Zr,Lg1
Si110,Nb,Ka1
Si110,Nb,Ka2
Si110,Nb,Kb1
Si110,Nb,La1
Si110,Nb,La2
Si110,Nb,Lb1
Si110,Nb,Lb2
Si110,Nb,Lg1
Si110,Mo,Ka1
Si110,Mo,Ka2
Si110,Mo,Kb1
Si110,Mo,La1
Si110,Mo,La2
Si110,Mo,Lb1
Si110,Mo,Lb2
Si110,Mo,Lg1
Si110,Ru,Ka1
Si110,Ru,Ka2
Si110,Ru,Kb1
Si110,Ru,La1
Si110,Ru,La2
Si110,Ru,Lb1
Si110,Ru,Lb2
Si110,Ru,Lg1
Si110,Pd,Ka1
Si110,Pd,Ka2
Si110,Pd,Kb1
Si110,Pd,La1
Si110,Pd,La2
Si110,Pd,Lb1
Si110,Pd,Lb2
Si110,Pd,Lg1
Si110,Ag,Ka1
Si110,Ag,Ka2
Si110,Ag,Kb1
Si110,Ag,La1
Si110,Ag,La2
Si110,Ag,Lb1
Si110,Ag,Lb2
Si110,Ag,Lg1
Si110,Sn,Ka1
Si110,Sn,Ka2
Si110,Sn,Kb1
Si110,Sn,La1
Si110,Sn,La2
Si110,Sn,Lb1
Si110,Sn,Lb2
Si110,Sn,Lg1
Si110,Sb,Ka1
Si110,Sb,Ka2
Si110,Sb,Kb1
Si110,Sb,La1
Si110,Sb,La2
Si110,Sb,Lb1
Si110,Sb,Lb2
Si110,Sb,Lg1
Si110,Ta,Ka1
Si110,Ta,Ka2
Si110,Ta,Kb1
Si110,Ta,La1
Si110,Ta,La2
Si110,Ta,Lb1
Si110,Ta,Lb2
Si110,Ta,Lg1
Si110,Pt,Ka1
Si110,Pt,Ka2
Si110,Pt,Kb1
Si110,Pt,La1
Si110,Pt,La2
Si110,Pt,Lb1
Si110,Pt,Lb2
Si110,Pt,Lg1
Si110,Au,Ka1
Si110,Au,Ka2
Si110,Au,Kb1
Si110,Au,La1
Si110,Au,La2
Si110,Au,Lb1
Si110,Au,Lb2
Si110,Au,Lg1
Si110,Pb,Ka1
Si110,Pb,Ka2
Si110,Pb,Kb1
Si110,Pb,La1
Si110,Pb,La2
Si110,Pb,Lb1
Si110,Pb,Lb2
Si110,Pb,Lg1
